donor_id,first_donation,last_donation,donation_count,total_donated
1,2021-03-30,2023-01-01,5,535.48
2,2020-07-23,2021-08-25,3,266.99
3,2020-11-11,2023-07-01,1,387.12
4,2020-05-08,2021-04-05,3,482.85
5,2020-08-13,2022-07-22,5,416.66
6,2021-02-07,2024-11-22,3,617.78
7,2019-12-19,2020-09-22,4,1758.24
8,2022-01-01,2022-02-16,3,332.18
9,2020-10-18,2024-03-08,4,285.48
10,2020-04-07,2022-04-06,1,656.34
11,2022-07-07,2022-12-12,4,203.29
12,2022-01-29,2022-03-04,5,168.33
13,2019-10-29,2021-02-27,3,239.52
14,2021-04-17,2023-07-20,5,583.1
15,2019-12-05,2021-04-27,1,396.69
16,2020-02-11,2021-10-31,2,307.35
17,2019-04-30,2021-11-02,4,747.64
18,2020-12-13,2022-10-04,5,620.36
19,2020-12-01,2024-05-14,3,187.51
20,2022-05-01,2026-02-11,5,122.78
21,2021-06-09,2024-05-14,1,361.28
22,2020-02-24,2023-03-24,5,942.79
23,2021-11-14,2023-12-31,3,154.67
24,2021-07-10,2023-02-27,2,308.71
25,2021-01-01,2023-08-05,1,279.21
26,2020-05-31,2021-07-06,3,286.2
27,2022-03-19,2024-08-01,4,673.25
28,2021-02-20,2023-11-14,5,552.86
29,2020-04-01,2021-01-19,4,369.05
30,2020-08-14,2022-02-12,3,335.73
31,2020-09-30,2024-05-31,1,787.82
32,2021-09-16,2023-08-24,2,297.07
33,2021-01-05,2021-08-29,3,581.65
34,2021-04-17,2023-08-28,7,234.51
35,2022-07-04,2024-10-22,5,1947.55
36,2019-05-26,2021-06-10,3,850.05
37,2021-10-31,2022-09-25,4,245.49
38,2020-08-26,2021-11-27,2,242.94
39,2021-02-18,2023-12-21,5,255.84
40,2019-06-11,2019-12-12,4,104.37
41,2020-08-14,2023-05-12,1,258.42
42,2021-10-10,2021-12-30,3,357.66
43,2021-01-31,2024-11-21,3,889.81
44,2021-01-26,2021-12-04,2,566.83
45,2022-07-01,2025-10-01,0,381.82
46,2020-09-06,2023-04-06,3,805.31
47,2021-06-22,2022-11-26,4,419.25
48,2022-05-26,2024-11-20,2,425.64
49,2021-09-28,2023-08-15,3,157.23
50,2021-01-15,2021-04-27,5,721.2
51,2019-05-22,2023-02-15,4,199.52
52,2021-08-04,2024-10-29,3,98.11
53,2020-01-28,2022-03-24,2,415.28
54,2019-08-29,2022-11-10,0,142.17
55,2019-03-24,2022-07-15,4,546.09
56,2021-05-28,2023-05-07,1,208.96
57,2019-05-08,2022-09-13,2,191.32
58,2021-03-07,2021-04-05,3,923.07
59,2021-11-17,2025-02-15,1,502.42
60,2022-06-18,2023-11-28,4,275.11
61,2022-01-20,2024-02-04,1,731.28
62,2019-04-16,2021-10-13,4,191.06
63,2022-02-19,2025-07-21,3,247.09
64,2022-01-04,2022-11-23,2,162.19
65,2019-12-05,2022-02-12,9,443.33
66,2019-09-19,2021-02-05,2,449.0
67,2021-02-08,2023-03-03,2,797.21
68,2020-07-18,2024-01-06,5,462.62
69,2019-09-13,2021-10-30,4,385.1
70,2021-05-31,2023-07-11,1,607.72
71,2019-12-25,2023-04-22,3,1482.4
72,2022-08-03,2026-01-20,1,132.57
73,2019-02-06,2020-07-06,5,224.63
74,2020-11-26,2024-03-25,6,674.56
75,2020-11-10,2023-03-12,4,727.98
76,2021-01-30,2023-01-16,1,523.76
77,2020-07-20,2022-04-06,2,594.01
78,2020-01-02,2020-10-18,8,265.22
79,2020-11-15,2023-09-30,2,692.8
80,2019-01-25,2020-11-20,1,227.46
81,2020-11-12,2020-12-18,7,600.69
82,2022-03-15,2023-12-25,1,263.78
83,2020-10-31,2021-01-04,2,82.72
84,2021-02-24,2024-01-14,3,840.81
85,2022-08-02,2023-09-07,8,530.87
86,2019-07-16,2020-02-03,3,238.31
87,2020-02-21,2022-12-10,3,1722.15
88,2019-01-06,2022-07-24,1,525.73
89,2022-08-20,2025-03-30,4,549.28
90,2021-05-21,2024-11-10,0,191.9
91,2020-01-23,2021-02-01,2,46.76
92,2021-10-07,2023-02-24,4,719.54
93,2021-03-04,2024-06-15,5,988.26
94,2020-11-02,2023-07-11,2,13.94
95,2022-06-01,2024-04-06,2,322.59
96,2020-09-17,2024-03-27,5,1017.8
97,2019-09-07,2022-08-01,1,196.07
98,2021-09-11,2024-10-15,2,428.64
99,2020-11-23,2020-12-17,0,88.0
100,2019-03-06,2020-05-02,3,76.61
101,2019-10-26,2022-07-20,5,208.22
102,2021-03-03,2023-01-14,3,184.31
103,2021-08-20,2024-11-10,4,404.38
104,2021-01-02,2022-05-05,1,292.96
105,2020-08-20,2021-10-15,6,1936.6
106,2019-05-31,2019-09-16,7,862.25
107,2019-01-23,2020-10-15,3,374.64
108,2021-12-22,2023-12-20,3,504.41
109,2020-09-02,2023-11-14,5,1271.26
110,2020-06-10,2022-10-10,4,1202.43
111,2022-02-14,2023-01-14,7,2211.16
112,2022-06-21,2024-03-10,7,994.16
113,2020-05-19,2021-11-05,4,1177.49
114,2020-08-28,2021-11-18,7,916.31
115,2019-10-17,2020-02-10,3,293.69
116,2019-08-21,2022-05-21,1,236.19
117,2020-10-12,2023-10-03,2,528.22
118,2019-08-17,2021-08-27,2,812.85
119,2020-08-11,2021-12-11,2,237.47
120,2021-10-01,2024-12-17,1,671.31
121,2019-10-17,2021-06-25,0,260.67
122,2022-05-08,2022-11-04,6,551.5
123,2022-03-02,2023-01-25,2,238.07
124,2019-11-18,2023-06-01,5,760.82
125,2020-11-24,2023-12-26,0,165.1
126,2021-09-18,2023-11-16,3,849.37
127,2020-08-10,2023-11-13,2,121.55
128,2021-01-11,2022-07-23,1,183.97
129,2019-12-02,2022-10-06,2,114.16
130,2019-06-28,2020-11-04,1,148.43
131,2020-03-09,2020-04-11,4,299.37
132,2021-05-22,2023-05-11,3,145.91
133,2020-03-13,2022-11-11,4,528.72
134,2021-02-23,2023-10-16,1,176.98
135,2020-04-24,2021-11-11,0,71.24
136,2020-04-12,2022-09-16,3,789.07
137,2020-02-23,2023-12-17,3,345.64
138,2020-06-25,2020-09-06,4,249.66
139,2019-06-24,2021-03-07,4,555.88
140,2022-08-14,2026-01-30,4,598.23
141,2019-10-05,2021-01-03,6,668.3
142,2019-01-31,2019-09-27,3,67.19
143,2019-02-20,2022-04-18,4,801.87
144,2021-09-10,2023-07-12,1,407.13
145,2021-05-05,2024-04-25,0,747.62
146,2020-08-23,2023-07-29,5,662.11
147,2020-09-27,2024-03-28,4,446.05
148,2019-06-08,2020-11-19,2,227.97
149,2022-01-28,2024-11-27,4,395.64
150,2022-03-11,2023-03-22,1,148.75
151,2019-04-27,2019-12-05,3,217.99
152,2019-02-08,2019-04-22,0,73.8
153,2019-12-14,2020-04-25,3,345.76
154,2021-09-11,2022-07-13,2,225.97
155,2022-04-04,2025-09-28,7,747.75
156,2022-02-04,2023-07-29,1,560.45
157,2021-04-22,2022-01-23,3,146.43
158,2021-02-24,2024-05-31,2,713.71
159,2022-03-24,2024-07-07,4,714.66
160,2022-02-19,2025-06-23,2,415.02
161,2021-11-12,2023-07-04,1,334.97
162,2019-02-04,2022-10-24,1,511.94
163,2022-06-07,2023-08-20,4,220.9
164,2020-05-05,2022-07-09,4,351.71
165,2019-05-21,2022-08-18,1,158.56
166,2022-07-29,2022-09-22,2,261.84
167,2019-07-25,2020-01-23,5,539.18
168,2022-04-01,2024-10-26,4,364.6
169,2019-05-14,2022-10-02,3,335.6
170,2021-09-29,2024-08-16,1,454.95
171,2020-08-06,2023-05-29,6,434.96
172,2020-07-17,2021-06-06,4,715.36
173,2021-06-22,2024-03-27,2,604.18
174,2019-03-21,2021-05-07,6,811.02
175,2022-01-21,2022-07-15,3,965.09
176,2019-03-05,2020-11-10,4,343.32
177,2020-05-24,2024-01-19,5,511.18
178,2022-08-01,2025-03-06,1,67.89
179,2021-03-26,2024-06-15,0,516.0
180,2020-12-14,2022-01-10,5,241.4
181,2019-07-12,2023-04-29,1,99.83
182,2020-03-28,2021-03-20,2,367.51
183,2021-10-20,2024-10-03,2,315.57
184,2021-10-06,2025-05-05,7,273.01
185,2020-02-02,2023-05-29,5,518.32
186,2019-06-23,2022-04-27,1,715.76
187,2021-11-16,2022-05-21,4,267.5
188,2020-02-17,2022-03-03,2,260.45
189,2022-07-04,2025-10-15,0,544.74
190,2020-10-04,2021-07-03,2,661.62
191,2020-06-21,2021-10-28,0,201.63
192,2020-02-09,2021-10-07,4,1090.17
193,2019-10-28,2020-05-30,1,121.85
194,2020-09-19,2024-04-27,5,970.57
195,2021-01-20,2021-05-12,2,245.7
196,2020-12-24,2021-01-22,0,246.17
197,2021-11-07,2022-10-10,3,100.64
198,2021-08-04,2024-12-28,3,806.76
199,2020-09-14,2023-05-21,2,227.74
200,2019-05-08,2022-04-12,4,201.96
201,2019-04-24,2021-10-26,3,266.75
202,2019-05-26,2019-07-05,1,482.08
203,2021-07-21,2025-01-17,1,861.51
204,2021-06-06,2022-05-24,2,176.48
205,2022-04-29,2024-01-12,6,591.2
206,2021-09-07,2022-03-26,5,64.9
207,2020-09-11,2021-04-14,1,404.84
208,2022-03-20,2024-01-01,4,397.5
209,2021-03-02,2021-10-09,4,368.62
210,2020-04-11,2023-07-19,1,263.37
211,2019-06-03,2020-01-13,3,321.94
212,2019-08-13,2019-12-09,2,352.94
213,2020-05-18,2023-06-25,5,587.84
214,2020-07-19,2022-02-08,3,281.62
215,2020-11-03,2022-02-17,0,479.39
216,2021-12-16,2025-07-07,1,149.48
217,2020-01-28,2023-03-10,1,128.87
218,2019-04-11,2022-08-07,0,243.66
219,2019-07-22,2022-06-02,3,125.58
220,2019-02-28,2021-01-24,4,698.7
221,2022-05-17,2022-12-11,1,96.68
222,2019-01-16,2020-12-09,3,32.77
223,2021-06-19,2023-02-15,3,317.43
224,2021-02-04,2022-04-17,4,247.91
225,2021-06-24,2022-02-24,0,585.07
226,2020-07-23,2023-01-20,5,332.09
227,2020-08-04,2023-11-05,3,297.08
228,2021-01-10,2023-05-28,7,2330.3
229,2022-05-16,2023-01-18,3,552.7
230,2021-04-17,2022-05-12,2,297.57
231,2021-01-02,2021-09-03,1,90.37
232,2019-10-08,2021-11-14,0,619.54
233,2021-02-17,2024-05-01,2,151.17
234,2021-05-02,2023-07-17,3,852.78
235,2019-11-15,2023-07-31,6,407.16
236,2021-06-14,2024-10-12,3,183.06
237,2020-10-27,2022-07-25,2,79.87
238,2021-11-30,2022-04-03,2,676.58
239,2019-11-05,2020-05-19,6,397.22
240,2021-09-23,2022-04-24,2,99.08
241,2020-12-15,2022-03-20,5,178.94
242,2019-06-01,2020-11-10,2,337.37
243,2021-04-28,2022-09-07,4,121.94
244,2020-03-31,2021-04-25,2,342.45
245,2019-04-04,2021-08-20,4,351.04
246,2020-10-01,2021-06-25,9,468.16
247,2022-06-06,2026-01-13,4,104.07
248,2020-08-07,2023-12-28,5,713.51
249,2019-03-24,2020-06-04,2,353.54
250,2019-07-11,2021-10-09,2,209.68
251,2020-03-31,2023-02-02,5,831.39
252,2021-05-29,2024-04-16,4,741.3
253,2019-02-15,2020-09-03,2,329.36
254,2020-04-06,2023-04-07,2,181.91
255,2021-01-01,2022-09-13,4,108.08
256,2020-09-02,2023-11-18,3,153.82
257,2021-08-24,2025-02-03,1,438.55
258,2021-03-08,2022-01-17,4,397.39
259,2019-04-11,2021-01-17,3,262.75
260,2020-10-17,2024-01-28,4,1109.55
261,2019-08-23,2022-03-11,2,1464.28
262,2022-08-29,2024-12-16,2,1147.59
263,2021-08-18,2023-08-29,4,423.63
264,2021-04-08,2024-05-28,1,362.82
265,2021-08-16,2023-12-01,5,540.27
266,2019-09-02,2019-10-31,5,1057.52
267,2019-09-05,2022-11-22,6,1269.06
268,2021-10-11,2023-02-09,4,546.17
269,2019-09-20,2021-09-25,2,115.46
270,2022-04-01,2023-12-28,2,106.75
271,2022-05-05,2026-02-02,4,1270.49
272,2020-11-14,2023-11-11,1,1322.65
273,2020-09-09,2023-12-29,6,1059.7
274,2020-04-27,2021-12-02,1,178.11
275,2019-07-27,2020-08-09,7,548.18
276,2021-09-02,2021-11-01,1,300.78
277,2019-05-16,2020-07-05,3,713.97
278,2019-08-11,2020-11-25,0,349.34
279,2021-11-09,2022-11-10,6,1209.82
280,2019-10-13,2020-09-13,8,713.5
281,2020-03-21,2020-12-01,2,203.56
282,2021-11-15,2022-11-09,2,174.86
283,2020-07-26,2022-04-09,6,688.15
284,2020-07-10,2020-07-28,4,611.44
285,2021-03-24,2022-12-29,4,825.83
286,2021-03-02,2023-02-11,2,331.28
287,2019-11-29,2021-02-11,2,220.31
288,2019-04-25,2022-05-10,3,799.21
289,2021-11-05,2022-12-12,1,100.91
290,2019-05-24,2019-09-25,0,154.11
291,2021-04-13,2024-07-29,1,131.61
292,2020-10-02,2023-04-26,4,429.64
293,2020-08-08,2021-07-20,2,371.82
294,2021-11-03,2023-02-13,2,302.21
295,2019-07-28,2021-06-04,6,564.78
296,2021-09-04,2022-09-21,8,238.5
297,2020-10-08,2021-08-28,2,557.2
298,2021-11-10,2023-08-27,5,242.88
299,2022-01-19,2023-07-23,3,340.81
300,2021-06-18,2023-10-30,3,93.83
301,2021-11-11,2025-03-20,6,1239.65
302,2020-02-14,2021-08-29,5,73.74
303,2022-03-25,2024-09-10,4,450.78
304,2021-07-03,2021-10-26,8,176.32
305,2022-03-28,2022-06-18,4,214.13
306,2021-02-20,2022-05-11,0,90.2
307,2019-03-28,2022-05-09,5,736.14
308,2020-02-11,2022-04-29,4,771.2
309,2020-12-21,2021-03-15,1,245.07
310,2020-06-03,2020-12-14,2,697.66
311,2020-11-08,2021-01-05,2,1208.76
312,2019-01-10,2021-05-18,3,203.46
313,2019-01-30,2022-07-09,3,91.05
314,2021-02-13,2024-04-28,1,169.24
315,2022-07-05,2024-05-27,4,301.93
316,2019-10-05,2021-12-26,2,213.81
317,2022-03-02,2023-02-22,0,282.71
318,2022-05-05,2024-02-15,1,252.24
319,2020-07-21,2020-10-16,4,273.97
320,2019-10-03,2022-09-25,4,131.82
321,2020-04-21,2022-12-24,7,2158.1
322,2019-07-17,2021-01-01,2,336.22
323,2020-04-28,2021-02-16,7,963.13
324,2022-04-23,2025-04-10,3,329.62
325,2021-11-06,2023-05-15,3,176.37
326,2019-03-20,2021-04-05,3,757.33
327,2019-01-27,2022-01-24,2,566.02
328,2021-01-16,2023-07-28,5,341.01
329,2020-04-20,2021-10-17,7,396.5
330,2019-04-21,2021-10-13,4,477.47
331,2020-01-06,2022-04-17,2,276.86
332,2020-01-04,2020-05-20,2,84.68
333,2020-12-09,2022-01-22,2,165.45
334,2019-01-13,2021-07-06,3,325.69
335,2020-09-16,2024-04-05,1,188.75
336,2020-09-01,2023-12-26,0,29.17
337,2020-07-21,2021-06-14,3,170.86
338,2022-02-01,2022-03-17,2,322.88
339,2019-08-20,2021-06-15,1,52.18
340,2019-06-21,2021-11-10,2,143.53
341,2020-04-13,2020-05-18,2,238.56
342,2022-08-08,2023-09-19,2,493.59
343,2022-05-13,2024-06-13,5,737.33
344,2020-07-01,2022-04-03,3,58.34
345,2019-05-09,2021-05-19,4,661.82
346,2022-04-09,2023-03-25,1,148.73
347,2021-06-23,2023-05-02,3,1005.81
348,2020-05-11,2020-10-11,0,268.26
349,2019-12-29,2020-07-12,2,319.43
350,2021-05-23,2021-07-29,1,72.85
351,2021-09-03,2024-01-04,2,389.5
352,2019-07-14,2022-07-11,2,887.71
353,2020-06-27,2023-08-12,3,1070.47
354,2020-01-15,2022-03-23,3,816.3
355,2021-09-21,2022-10-08,2,561.26
356,2022-08-30,2025-06-16,3,122.31
357,2019-07-17,2020-06-05,4,785.68
358,2019-10-11,2023-04-16,3,224.34
359,2019-08-19,2022-12-25,1,388.43
360,2020-11-10,2022-05-12,3,561.71
361,2020-04-08,2020-08-03,2,13.46
362,2021-07-04,2022-11-29,0,828.11
363,2021-09-01,2023-07-21,3,697.58
364,2019-04-25,2021-12-28,3,64.59
365,2019-03-17,2022-08-22,1,45.86
366,2019-10-20,2022-08-25,3,402.44
367,2019-03-18,2020-01-18,3,409.27
368,2019-11-19,2020-11-22,0,260.29
369,2022-04-18,2022-05-15,1,101.67
370,2020-01-03,2022-06-10,1,286.59
371,2020-01-31,2022-06-30,1,426.59
372,2021-01-23,2024-11-11,5,1248.45
373,2020-06-24,2022-03-24,3,553.7
374,2019-10-13,2021-06-21,1,30.2
375,2019-11-05,2020-06-06,4,127.96
376,2019-08-07,2021-12-23,5,748.86
377,2021-02-28,2022-08-20,1,426.73
378,2021-08-13,2025-02-23,2,219.99
379,2021-03-27,2021-09-14,0,210.11
380,2021-08-02,2023-10-14,0,238.21
381,2020-01-26,2021-11-11,5,548.68
382,2019-02-15,2019-12-27,5,260.99
383,2019-01-11,2020-04-25,5,233.61
384,2019-01-16,2021-11-26,2,107.74
385,2022-04-20,2022-11-11,3,974.48
386,2020-07-01,2023-07-06,2,390.88
387,2021-12-10,2025-04-30,1,179.36
388,2019-05-30,2020-06-09,2,582.53
389,2020-02-25,2022-01-15,5,154.5
390,2022-07-06,2024-11-05,2,646.27
391,2022-08-07,2023-08-24,3,209.99
392,2020-09-16,2021-02-13,3,278.07
393,2020-02-29,2021-02-26,2,86.76
394,2019-10-21,2020-09-19,0,211.45
395,2021-06-04,2022-03-17,1,505.4
396,2019-06-11,2021-12-20,1,52.04
397,2020-06-06,2021-04-24,1,331.22
398,2022-05-15,2023-07-14,2,339.94
399,2019-09-27,2021-07-22,4,743.88
400,2021-10-01,2023-12-10,0,741.25
401,2019-12-03,2021-01-12,3,316.13
402,2022-01-30,2023-01-12,2,351.85
403,2021-10-17,2024-01-15,2,415.07
404,2020-07-25,2020-12-15,3,1111.67
405,2020-06-29,2021-08-23,2,343.5
406,2021-12-24,2022-08-15,6,1238.57
407,2022-05-23,2024-03-03,1,193.06
408,2019-12-27,2022-02-13,0,156.7
409,2021-01-16,2021-10-19,1,232.35
410,2022-08-28,2023-10-03,4,285.33
411,2021-12-29,2023-10-13,5,212.64
412,2021-10-30,2025-06-03,4,133.71
413,2019-08-04,2021-05-25,2,424.6
414,2021-04-23,2022-08-23,3,516.95
415,2019-07-10,2022-06-02,1,761.22
416,2019-08-07,2022-07-28,2,276.35
417,2022-05-10,2025-06-20,2,634.05
418,2022-05-25,2023-06-01,0,70.55
419,2019-04-16,2021-09-18,2,393.78
420,2019-02-25,2022-04-18,4,174.7
421,2022-03-23,2025-06-06,1,763.95
422,2021-12-27,2022-11-10,1,98.42
423,2020-08-24,2022-05-02,5,286.74
424,2021-10-31,2022-02-25,2,649.37
425,2020-03-12,2022-04-17,4,750.31
426,2021-03-10,2021-11-07,2,148.01
427,2020-11-29,2023-05-25,6,283.1
428,2020-02-18,2021-08-14,1,294.71
429,2019-08-19,2021-04-28,2,39.39
430,2019-05-17,2019-08-21,2,659.9
431,2020-02-05,2020-12-04,3,342.73
432,2021-02-17,2023-11-04,4,683.71
433,2020-07-22,2024-01-20,4,840.23
434,2021-09-08,2025-07-08,2,472.83
435,2019-02-19,2022-06-13,2,52.5
436,2020-04-24,2023-11-14,3,536.79
437,2020-08-07,2022-04-15,2,435.48
438,2021-04-28,2023-09-13,2,756.83
439,2021-12-12,2024-02-24,2,754.58
440,2020-08-23,2020-12-19,3,636.5
441,2019-07-27,2022-03-09,4,805.85
442,2019-04-20,2022-07-20,1,501.2
443,2021-01-06,2021-07-28,4,1206.45
444,2019-06-20,2023-03-20,3,79.86
445,2021-03-17,2021-04-19,5,112.51
446,2021-12-01,2023-05-02,2,347.97
447,2020-12-16,2022-06-26,3,312.84
448,2021-09-29,2022-11-08,2,207.76
449,2021-07-18,2022-07-07,2,565.43
450,2020-08-12,2023-08-23,5,468.86
451,2021-06-23,2024-09-09,4,405.65
452,2021-02-16,2021-06-09,4,508.07
453,2019-08-04,2021-04-02,3,873.88
454,2020-08-10,2023-11-18,3,251.43
455,2020-06-21,2020-07-01,5,223.56
456,2020-06-30,2021-05-12,3,219.32
457,2019-03-18,2020-10-25,2,535.63
458,2020-12-23,2022-11-13,4,331.35
459,2021-09-08,2021-11-09,6,349.25
460,2021-12-07,2025-05-14,0,376.08
461,2021-11-12,2021-11-21,2,202.48
462,2019-03-06,2020-07-16,4,123.6
463,2020-06-03,2023-02-11,4,1004.86
464,2020-05-07,2022-11-11,2,334.38
465,2021-01-12,2021-06-16,4,865.29
466,2019-05-21,2019-11-08,1,397.83
467,2022-04-15,2022-12-07,2,1291.26
468,2022-02-02,2025-03-18,3,734.77
469,2022-02-28,2022-10-25,1,331.82
470,2020-06-23,2021-07-13,2,503.99
471,2021-11-16,2023-06-08,2,424.17
472,2022-05-24,2022-11-09,1,393.23
473,2021-11-01,2022-12-26,5,483.15
474,2021-10-27,2024-09-07,5,575.42
475,2021-05-13,2022-03-04,5,237.27
476,2021-04-08,2024-08-26,5,429.28
477,2019-10-11,2023-01-05,2,356.1
478,2020-02-14,2020-09-21,3,127.76
479,2021-05-10,2021-12-29,5,721.94
480,2021-05-08,2023-11-02,2,37.9
481,2020-11-22,2022-03-10,2,402.54
482,2020-04-02,2021-07-26,3,148.75
483,2021-06-18,2024-07-13,6,779.22
484,2019-04-16,2021-06-01,1,144.88
485,2022-03-19,2022-09-27,2,206.13
486,2019-09-23,2021-12-20,4,125.48
487,2021-06-18,2022-05-02,2,433.09
488,2020-10-08,2021-12-19,3,221.15
489,2019-07-10,2021-04-07,4,297.26
490,2022-06-19,2022-09-12,1,462.59
491,2022-05-03,2023-11-15,3,298.24
492,2019-03-29,2022-02-28,5,571.9
493,2019-12-27,2023-07-06,2,279.41
494,2019-04-26,2019-12-30,8,1038.41
495,2021-04-23,2023-06-08,3,111.37
496,2021-02-27,2021-03-21,4,200.03
497,2020-05-05,2022-06-07,6,503.25
498,2021-02-23,2021-09-22,2,600.88
499,2021-08-20,2024-03-06,2,607.55
500,2020-04-24,2023-10-16,4,269.85
501,2022-05-22,2025-11-03,2,725.91
502,2021-09-22,2023-08-24,3,1072.09
503,2022-02-19,2024-12-08,5,54.38
504,2020-12-08,2022-12-04,1,55.82
505,2021-08-01,2023-02-28,2,773.56
506,2020-12-01,2022-08-17,3,353.59
507,2019-09-18,2022-08-14,1,407.92
508,2019-01-07,2021-06-14,6,1739.67
509,2020-04-03,2021-04-07,4,466.51
510,2021-05-20,2023-07-04,3,860.67
511,2020-10-30,2022-01-04,2,227.6
512,2019-01-28,2022-08-12,5,412.14
513,2021-04-04,2021-08-04,4,295.98
514,2020-02-26,2023-01-11,2,395.55
515,2020-12-23,2022-07-28,2,232.15
516,2020-07-14,2020-07-16,4,2131.76
517,2020-05-06,2022-09-05,2,791.86
518,2020-12-23,2024-08-24,2,411.39
519,2019-10-28,2022-10-27,1,115.75
520,2019-03-06,2019-07-28,1,788.67
521,2021-07-19,2025-02-16,7,273.04
522,2019-06-12,2019-08-22,5,289.04
523,2022-02-08,2025-05-25,1,104.72
524,2020-11-01,2023-10-03,4,45.36
525,2022-06-23,2025-10-28,2,528.21
526,2020-02-28,2022-04-13,1,429.04
527,2020-09-02,2021-10-15,2,183.74
528,2020-02-28,2023-08-08,4,557.88
529,2020-12-01,2021-11-27,0,402.67
530,2022-06-24,2025-08-14,3,1257.34
531,2020-12-22,2021-10-28,8,1147.02
532,2021-01-01,2021-06-22,0,144.37
533,2020-02-18,2021-06-06,2,234.78
534,2020-07-05,2023-11-24,2,547.39
535,2021-07-01,2023-10-13,0,608.15
536,2019-03-14,2021-06-15,2,213.68
537,2020-02-10,2023-08-01,1,90.15
538,2021-04-09,2024-03-21,3,531.95
539,2020-07-22,2023-08-21,4,477.64
540,2020-10-16,2022-04-04,4,832.71
541,2020-10-17,2022-05-13,4,607.03
542,2020-02-12,2021-10-14,2,822.97
543,2020-08-14,2022-10-30,2,75.92
544,2021-06-01,2021-11-04,4,838.31
545,2020-12-20,2023-10-17,1,146.9
546,2022-02-24,2023-05-28,4,536.79
547,2021-07-30,2025-02-14,2,502.66
548,2020-11-25,2022-01-15,3,130.09
549,2020-03-09,2021-01-22,4,247.42
550,2022-02-20,2025-08-21,3,121.25
551,2022-04-16,2025-07-09,1,540.07
552,2022-02-13,2025-10-03,1,166.12
553,2021-04-18,2024-05-24,3,363.86
554,2020-05-07,2020-08-02,8,161.2
555,2021-05-09,2023-04-14,3,233.16
556,2022-03-29,2022-04-02,2,79.25
557,2020-08-22,2022-08-19,7,163.17
558,2021-03-22,2024-09-04,1,207.75
559,2019-04-06,2022-06-07,4,2058.51
560,2021-11-17,2024-08-03,1,324.74
561,2022-02-21,2023-07-17,6,987.66
562,2021-05-29,2022-12-31,3,757.02
563,2021-10-20,2024-02-03,7,945.07
564,2022-03-03,2023-10-14,7,1003.13
565,2020-04-21,2021-06-05,2,219.64
566,2020-07-10,2022-01-26,3,88.7
567,2019-01-14,2022-05-22,1,125.43
568,2019-06-22,2020-07-07,2,212.49
569,2021-07-24,2023-09-22,5,415.2
570,2020-11-16,2024-03-09,0,222.73
571,2019-11-11,2023-06-28,3,241.9
572,2022-01-10,2023-09-16,4,384.0
573,2021-11-30,2025-07-18,3,113.19
574,2022-01-25,2022-12-05,3,488.73
575,2021-02-21,2022-02-21,0,173.81
576,2022-06-14,2025-06-03,1,424.5
577,2019-12-09,2022-03-09,5,712.41
578,2021-09-15,2022-01-17,1,201.99
579,2020-04-06,2022-12-02,1,130.24
580,2021-09-16,2025-07-10,3,1033.1
581,2019-07-13,2021-04-25,2,271.2
582,2019-11-29,2023-06-12,2,191.4
583,2021-09-26,2021-11-06,4,715.28
584,2022-07-31,2025-11-17,3,646.22
585,2020-10-13,2023-08-13,5,654.37
586,2019-09-26,2020-05-22,3,626.53
587,2020-05-29,2021-06-01,2,252.9
588,2020-07-28,2021-09-06,1,586.31
589,2021-12-23,2022-07-23,5,907.62
590,2022-01-22,2022-05-10,5,749.78
591,2022-02-23,2022-08-18,5,900.83
592,2021-06-02,2021-07-08,4,708.85
593,2022-05-16,2025-01-24,3,502.08
594,2021-01-01,2022-07-24,0,127.82
595,2020-05-16,2023-11-19,1,427.43
596,2022-02-18,2024-10-06,2,313.89
597,2019-02-25,2021-11-07,5,1350.77
598,2019-04-24,2019-10-01,0,223.32
599,2020-12-23,2023-06-24,2,596.6
600,2020-06-02,2020-08-15,1,83.15
601,2021-07-20,2024-11-23,2,598.19
602,2022-08-12,2022-09-17,2,627.35
603,2022-07-04,2024-01-02,2,544.97
604,2022-04-08,2025-11-08,3,896.01
605,2019-06-13,2020-08-23,3,703.21
606,2021-05-30,2023-05-09,0,535.22
607,2019-05-09,2023-03-05,4,370.62
608,2021-01-21,2023-08-28,2,438.24
609,2019-07-10,2020-02-19,2,402.19
610,2021-04-22,2023-08-01,4,67.55
611,2021-04-03,2023-02-25,2,259.93
612,2020-02-19,2021-04-23,1,255.69
613,2022-07-04,2022-12-20,3,558.48
614,2020-07-06,2024-04-29,1,308.86
615,2020-10-12,2022-06-27,5,403.66
616,2019-09-19,2019-12-20,4,225.04
617,2021-08-04,2023-11-05,2,200.52
618,2019-07-11,2019-07-25,2,140.19
619,2022-06-14,2023-03-26,3,298.13
620,2019-03-19,2022-01-28,1,579.32
621,2019-12-18,2022-02-04,5,716.15
622,2020-02-08,2021-06-24,1,393.58
623,2021-02-01,2022-09-27,5,1355.84
624,2021-12-06,2024-04-16,3,291.21
625,2021-07-06,2021-11-05,3,555.29
626,2019-12-15,2021-08-20,8,1830.44
627,2021-03-20,2024-10-05,0,366.1
628,2021-09-01,2024-11-25,4,327.83
629,2021-03-13,2022-10-13,1,147.75
630,2019-06-02,2023-01-04,1,249.11
631,2022-08-23,2023-11-06,2,511.7
632,2019-09-25,2022-02-05,3,440.35
633,2021-07-24,2025-01-19,1,421.79
634,2022-08-04,2023-11-15,2,78.45
635,2019-11-02,2021-04-10,1,236.18
636,2021-12-27,2022-01-11,5,236.91
637,2019-10-12,2020-07-30,2,445.72
638,2020-06-26,2021-03-03,2,238.57
639,2019-01-24,2021-03-12,3,770.24
640,2021-10-31,2022-04-09,3,382.06
641,2020-09-30,2024-04-03,5,549.53
642,2022-08-02,2025-07-23,2,768.09
643,2021-10-05,2022-09-09,3,100.07
644,2021-02-25,2021-12-10,2,421.61
645,2021-02-12,2023-11-17,2,604.9
646,2019-05-10,2021-07-19,5,456.64
647,2021-01-12,2024-01-18,2,1437.73
648,2020-01-15,2022-05-24,1,481.37
649,2019-08-28,2022-04-15,4,241.23
650,2019-05-26,2020-01-22,1,694.56
651,2022-08-08,2025-04-01,5,1273.68
652,2022-08-28,2024-12-13,1,655.41
653,2019-11-04,2023-03-14,2,499.54
654,2021-04-03,2022-04-09,3,994.98
655,2021-06-03,2024-11-08,5,600.86
656,2020-09-17,2022-05-15,2,240.29
657,2020-06-15,2021-10-14,2,40.92
658,2019-08-17,2022-11-29,4,468.16
659,2020-05-27,2024-01-13,3,585.39
660,2021-03-16,2023-01-05,2,129.12
661,2021-11-09,2025-03-15,3,187.04
662,2019-09-17,2023-02-03,3,333.81
663,2021-06-10,2025-02-09,4,733.63
664,2021-10-05,2025-07-28,6,767.06
665,2020-09-05,2023-03-09,2,240.03
666,2019-07-16,2019-12-21,2,495.4
667,2020-01-25,2021-08-14,1,154.24
668,2020-12-03,2021-06-14,5,560.43
669,2019-12-12,2021-06-01,2,1411.12
670,2020-10-02,2023-09-28,4,1610.94
671,2022-02-25,2023-08-20,3,283.18
672,2019-04-24,2022-01-14,5,217.39
673,2021-08-16,2025-03-07,0,353.96
674,2022-05-15,2024-04-19,5,442.75
675,2021-04-27,2025-01-14,2,516.28
676,2022-02-02,2024-04-30,4,373.91
677,2020-12-26,2023-01-16,1,279.81
678,2020-12-09,2021-09-04,3,702.6
679,2022-04-09,2025-12-03,2,114.99
680,2019-09-18,2022-04-06,2,627.74
681,2022-04-02,2024-06-30,3,181.13
682,2022-06-15,2025-03-24,1,50.71
683,2020-11-05,2022-01-25,1,120.64
684,2021-07-29,2023-08-01,3,809.3
685,2022-08-19,2023-11-03,5,1133.88
686,2021-06-30,2024-09-20,0,232.24
687,2019-06-14,2020-11-08,8,510.3
688,2020-02-23,2021-06-05,1,578.8
689,2022-06-17,2025-06-22,1,264.18
690,2020-07-05,2024-01-28,3,225.33
691,2019-07-16,2021-05-20,6,856.28
692,2022-07-14,2023-05-27,5,405.21
693,2021-12-10,2025-01-18,5,1051.76
694,2019-08-26,2020-07-18,2,33.19
695,2021-08-03,2021-09-30,0,219.86
696,2019-11-19,2022-06-12,2,205.77
697,2020-12-07,2023-06-23,3,510.11
698,2021-12-24,2022-08-05,4,1093.11
699,2019-01-12,2020-01-28,4,201.74
700,2021-06-21,2022-05-21,4,367.75
701,2021-07-27,2025-03-16,2,339.62
702,2021-10-01,2023-11-09,4,412.61
703,2021-06-20,2021-10-28,4,221.75
704,2019-06-16,2020-01-03,2,94.73
705,2020-09-08,2022-11-03,5,116.38
706,2022-04-28,2024-05-11,4,237.08
707,2022-01-20,2022-10-20,5,913.25
708,2020-10-28,2022-09-02,3,1036.46
709,2021-05-30,2024-11-06,5,963.08
710,2019-04-06,2022-01-18,7,970.12
711,2021-03-24,2023-01-01,1,327.15
712,2019-08-14,2023-01-11,1,998.57
713,2022-05-07,2026-02-08,5,529.43
714,2020-10-14,2024-03-19,2,463.42
715,2020-11-23,2023-06-26,2,550.39
716,2019-06-16,2019-06-27,3,771.11
717,2022-02-12,2022-09-18,4,79.7
718,2021-04-07,2023-08-07,2,62.95
719,2021-06-23,2022-04-23,6,41.8
720,2022-02-03,2023-07-26,4,256.9
721,2021-06-08,2022-02-08,4,812.64
722,2019-01-04,2019-07-05,4,988.63
723,2019-09-02,2021-01-02,6,753.22
724,2022-03-09,2023-11-28,3,285.02
725,2022-01-05,2023-06-03,5,638.34
726,2021-06-12,2022-01-13,4,1189.68
727,2019-02-19,2022-07-20,3,112.11
728,2020-10-14,2023-11-12,0,146.58
729,2020-11-22,2023-04-28,3,519.76
730,2021-10-11,2022-09-30,1,479.15
731,2019-12-14,2021-10-06,4,662.72
732,2021-09-04,2023-12-08,4,375.22
733,2020-04-29,2021-10-10,1,774.36
734,2019-07-27,2021-04-11,2,210.59
735,2020-10-22,2021-04-21,3,277.81
736,2022-04-21,2024-06-27,3,497.77
737,2021-08-31,2022-12-29,0,221.68
738,2020-09-22,2021-08-07,3,380.24
739,2019-04-02,2022-02-25,3,665.37
740,2020-10-30,2023-12-08,5,27.88
741,2022-02-08,2023-10-17,3,58.67
742,2020-01-30,2022-06-15,5,500.23
743,2021-11-19,2023-12-17,3,738.83
744,2019-06-26,2020-01-17,3,32.92
745,2020-05-27,2024-03-11,6,350.26
746,2022-08-04,2026-05-02,4,358.06
747,2022-08-11,2023-07-29,1,276.29
748,2019-05-10,2021-10-08,4,221.98
749,2020-10-19,2023-03-19,0,193.64
750,2019-05-15,2020-05-21,3,171.23
751,2021-02-11,2021-07-06,5,274.11
752,2020-02-17,2021-09-02,4,445.09
753,2022-04-22,2026-02-16,4,331.97
754,2019-01-03,2021-12-03,4,298.24
755,2019-05-21,2023-01-11,2,101.45
756,2021-12-26,2025-05-25,4,313.92
757,2021-12-31,2022-07-26,2,120.32
758,2022-02-12,2025-04-07,3,262.97
759,2021-06-18,2021-06-19,3,683.25
760,2020-03-01,2021-09-14,2,301.87
761,2020-08-10,2023-02-06,1,341.49
762,2022-07-27,2026-05-10,4,474.37
763,2019-10-02,2022-08-07,2,662.8
764,2022-01-28,2022-07-28,4,673.66
765,2021-09-21,2022-10-09,2,525.0
766,2019-03-23,2022-08-24,0,455.33
767,2021-03-18,2023-01-11,2,231.3
768,2021-01-29,2021-05-17,2,285.78
769,2022-07-03,2024-02-09,5,669.86
770,2021-03-12,2022-10-22,0,549.64
771,2020-09-27,2023-12-14,2,224.78
772,2021-10-27,2023-08-01,4,741.69
773,2019-03-16,2020-03-13,2,782.74
774,2021-07-03,2024-09-22,3,223.23
775,2020-04-19,2023-02-16,3,132.35
776,2019-08-11,2021-04-13,3,526.15
777,2022-02-27,2022-02-28,5,1505.04
778,2020-07-02,2023-01-08,2,150.4
779,2019-01-31,2020-02-15,2,310.22
780,2019-08-27,2022-05-12,1,349.6
781,2022-07-09,2024-10-13,3,918.26
782,2021-09-07,2024-09-23,2,260.76
783,2020-12-14,2023-02-02,4,592.96
784,2020-08-20,2022-06-24,3,1098.58
785,2020-04-23,2021-09-14,4,74.42
786,2022-04-19,2023-10-21,4,113.02
787,2021-06-25,2022-12-30,2,482.93
788,2020-01-09,2022-09-14,0,264.83
789,2021-08-29,2025-02-07,2,763.2
790,2020-05-14,2023-10-03,2,397.81
791,2019-08-18,2023-05-11,2,131.31
792,2022-07-19,2024-03-31,5,536.76
793,2021-11-02,2023-06-22,7,1364.54
794,2020-02-03,2023-06-25,3,498.37
795,2021-11-07,2023-03-30,5,68.82
796,2019-06-18,2020-08-13,2,103.21
797,2021-12-09,2023-03-08,3,218.26
798,2019-04-16,2019-12-24,3,585.84
799,2022-02-05,2022-07-13,3,675.14
800,2019-07-16,2022-09-16,5,323.47
801,2022-05-27,2025-07-20,1,194.16
802,2022-02-25,2024-03-23,2,211.13
803,2019-02-10,2019-11-21,1,985.9
804,2020-06-22,2023-06-01,5,523.68
805,2020-11-29,2022-11-15,2,533.27
806,2020-01-18,2023-07-04,0,491.49
807,2019-05-22,2022-03-03,3,450.64
808,2021-07-19,2021-10-05,5,183.41
809,2019-10-06,2023-01-20,4,2045.84
810,2019-01-22,2021-09-14,2,74.41
811,2020-03-09,2022-06-23,0,301.67
812,2019-01-25,2019-02-07,3,184.12
813,2019-07-01,2019-10-02,1,937.72
814,2020-11-19,2023-10-01,1,287.44
815,2019-04-13,2022-04-20,4,298.48
816,2021-06-17,2022-05-26,3,199.14
817,2020-10-26,2022-05-16,1,544.78
818,2020-05-09,2023-06-13,3,475.32
819,2019-11-20,2022-06-02,3,527.2
820,2021-02-21,2022-05-26,4,535.26
821,2020-10-12,2022-11-07,4,259.47
822,2019-04-02,2020-03-31,3,942.45
823,2020-05-29,2021-07-26,5,646.5
824,2019-05-05,2019-08-06,4,1544.29
825,2021-10-08,2024-11-06,3,129.6
826,2021-05-27,2022-06-16,6,459.7
827,2020-11-23,2023-05-30,3,178.45
828,2019-09-22,2023-02-11,6,1322.99
829,2019-12-01,2021-03-14,0,125.8
830,2019-04-14,2019-10-20,0,171.06
831,2020-03-15,2020-08-16,2,247.89
832,2019-12-24,2021-12-25,4,909.68
833,2020-09-11,2020-10-17,1,655.91
834,2021-05-16,2022-04-06,1,331.76
835,2019-09-18,2021-02-26,5,388.93
836,2020-01-31,2023-03-23,4,867.88
837,2020-08-19,2020-09-07,3,44.32
838,2020-02-14,2022-06-04,0,311.17
839,2019-05-18,2021-12-14,2,436.31
840,2022-07-02,2025-12-05,2,405.75
841,2020-02-26,2021-03-10,1,135.36
842,2019-06-01,2023-02-13,1,531.62
843,2022-02-13,2025-10-13,8,575.08
844,2021-01-04,2022-12-30,1,389.86
845,2019-02-16,2020-12-03,2,436.15
846,2022-07-05,2025-11-27,4,363.7
847,2022-03-27,2023-07-03,2,338.22
848,2022-03-22,2023-04-19,2,213.41
849,2020-01-04,2023-03-17,6,37.79
850,2019-07-09,2021-12-22,3,995.07
851,2021-02-04,2022-09-04,2,505.08
852,2022-07-04,2025-05-21,3,752.2
853,2021-05-18,2022-01-10,7,2070.12
854,2022-04-29,2024-02-01,5,435.25
855,2022-04-25,2025-11-24,2,139.63
856,2022-08-26,2025-12-20,3,228.99
857,2021-08-22,2024-04-01,3,443.08
858,2020-03-14,2020-10-03,1,95.62
859,2022-08-14,2023-01-22,3,347.92
860,2021-09-13,2025-06-01,4,401.33
861,2021-03-31,2024-06-18,2,206.69
862,2019-08-22,2021-12-24,5,1448.1
863,2021-12-24,2025-06-20,7,65.19
864,2019-04-24,2020-04-02,4,408.54
865,2022-05-07,2022-08-19,2,1576.66
866,2019-02-20,2019-11-27,5,291.4
867,2022-05-26,2022-10-30,3,104.9
868,2020-01-09,2022-08-16,8,1021.98
869,2021-11-05,2023-06-28,4,384.15
870,2019-07-09,2022-01-13,3,927.88
871,2019-02-06,2021-11-19,3,539.43
872,2020-03-20,2020-11-06,3,649.48
873,2020-11-27,2022-01-23,3,795.47
874,2019-06-22,2020-01-12,2,373.14
875,2022-01-16,2024-02-24,2,322.68
876,2020-09-29,2022-03-10,7,695.16
877,2022-07-01,2025-10-12,3,237.43
878,2020-01-21,2020-06-20,2,260.74
879,2020-04-23,2023-06-20,6,3499.19
880,2021-03-15,2022-07-04,4,655.65
881,2021-08-07,2024-07-04,5,687.61
882,2019-10-12,2020-10-04,3,165.53
883,2021-01-17,2024-06-02,4,2022.27
884,2019-07-25,2020-12-29,2,327.4
885,2020-01-10,2023-01-14,2,122.36
886,2021-07-24,2023-02-24,3,98.11
887,2019-04-23,2019-09-12,3,481.02
888,2021-02-17,2021-04-17,3,156.88
889,2021-08-11,2022-06-26,2,734.06
890,2022-06-01,2024-11-14,3,375.56
891,2019-10-03,2022-05-25,2,872.5
892,2020-02-19,2020-07-31,3,138.95
893,2019-12-18,2023-05-09,4,642.96
894,2021-12-09,2022-09-03,2,330.61
895,2021-06-23,2023-08-01,3,402.99
896,2021-11-30,2024-05-05,1,539.97
897,2020-11-23,2023-10-22,3,807.24
898,2021-05-17,2024-04-13,3,871.84
899,2019-06-26,2021-04-30,1,838.81
900,2020-02-14,2020-08-04,3,139.78
901,2022-02-05,2022-07-16,4,240.44
902,2019-02-05,2022-07-17,1,107.83
903,2020-02-11,2021-02-26,2,661.77
904,2019-12-16,2022-03-04,2,383.24
905,2022-04-05,2022-04-21,2,502.88
906,2019-11-11,2022-12-21,2,65.9
907,2019-10-06,2019-11-09,1,221.83
908,2021-07-27,2024-12-05,1,367.86
909,2020-09-03,2023-12-03,4,961.53
910,2021-03-03,2022-02-22,3,449.4
911,2019-12-06,2020-08-23,2,207.48
912,2021-12-19,2022-03-02,0,67.19
913,2019-04-12,2021-06-30,7,404.84
914,2019-06-10,2020-07-20,2,184.56
915,2021-09-24,2022-01-17,2,284.56
916,2021-03-25,2024-07-01,3,495.92
917,2020-06-28,2022-11-09,2,139.28
918,2022-08-10,2025-12-09,4,39.74
919,2022-03-21,2023-05-12,3,798.18
920,2021-05-19,2023-06-05,5,668.88
921,2021-03-27,2022-06-17,3,1144.18
922,2020-04-10,2022-06-25,0,576.76
923,2021-12-17,2025-04-11,3,719.39
924,2021-06-02,2021-12-27,2,979.26
925,2019-12-19,2022-12-19,4,368.4
926,2021-08-12,2021-11-15,3,194.43
927,2022-03-13,2024-12-10,3,1451.01
928,2021-09-15,2024-01-08,5,191.36
929,2020-10-17,2023-08-10,6,475.64
930,2022-08-11,2022-09-30,3,443.79
931,2020-07-11,2024-02-18,2,133.4
932,2020-02-26,2021-09-10,2,320.56
933,2022-03-20,2025-10-14,2,65.25
934,2019-01-26,2019-06-07,0,113.19
935,2020-08-15,2022-12-04,1,676.52
936,2020-09-12,2024-06-04,3,495.94
937,2019-10-07,2022-03-11,4,364.95
938,2020-09-30,2023-08-12,3,1149.93
939,2020-09-10,2022-01-08,0,390.6
940,2022-04-08,2022-07-03,2,237.92
941,2022-02-23,2025-01-29,5,336.84
942,2020-06-22,2022-04-25,1,339.75
943,2019-05-10,2020-07-31,3,951.71
944,2022-03-05,2023-08-04,1,122.12
945,2021-04-26,2024-03-11,5,439.15
946,2020-01-16,2023-09-25,5,2427.81
947,2020-11-11,2022-02-28,4,472.93
948,2019-05-21,2020-09-23,3,470.59
949,2019-04-01,2021-01-05,1,446.97
950,2020-10-23,2023-01-08,5,823.96
951,2019-02-16,2019-07-18,2,153.39
952,2019-10-30,2021-03-11,4,719.64
953,2020-07-30,2022-11-13,7,498.41
954,2019-07-16,2021-06-16,2,21.91
955,2020-02-17,2020-05-05,1,172.04
956,2019-12-01,2022-11-04,3,566.07
957,2021-03-08,2022-05-03,3,659.01
958,2021-01-31,2024-08-19,0,267.27
959,2019-10-29,2021-05-10,2,163.36
960,2022-07-09,2025-05-30,7,709.3
961,2020-07-17,2021-12-28,2,579.1
962,2021-10-25,2024-09-18,1,174.03
963,2020-12-26,2024-01-12,1,490.9
964,2020-11-09,2023-04-04,3,170.67
965,2019-01-30,2020-10-02,1,22.21
966,2020-12-21,2023-05-14,4,414.36
967,2020-09-26,2020-10-26,6,669.23
968,2019-05-31,2022-04-09,4,304.16
969,2021-08-13,2022-08-04,8,3603.2
970,2021-06-02,2025-01-05,6,564.64
971,2021-11-02,2023-11-13,2,491.93
972,2019-04-20,2022-08-10,3,139.64
973,2021-11-27,2023-10-04,6,1495.78
974,2021-03-17,2023-04-24,4,231.58
975,2020-02-07,2020-12-13,5,941.17
976,2020-11-22,2022-05-10,3,561.41
977,2020-02-29,2021-03-03,3,164.21
978,2019-05-02,2020-03-27,3,377.49
979,2019-04-02,2021-12-25,3,607.24
980,2019-01-27,2021-04-21,3,349.51
981,2021-07-07,2022-06-28,4,585.87
982,2019-01-19,2019-04-27,1,293.46
983,2019-12-02,2021-09-03,2,527.7
984,2020-01-24,2020-09-30,3,364.41
985,2019-04-03,2020-01-23,4,384.28
986,2019-09-19,2020-10-30,3,484.71
987,2019-02-10,2020-02-03,7,783.2
988,2021-01-21,2022-10-04,4,106.21
989,2019-02-17,2021-12-15,1,353.23
990,2020-08-27,2022-05-22,2,109.74
991,2022-04-22,2023-02-14,2,704.8
992,2019-09-13,2021-09-06,1,136.94
993,2020-06-28,2023-02-26,4,251.24
994,2019-08-07,2021-02-18,3,504.46
995,2019-04-12,2023-01-07,5,408.16
996,2021-06-20,2024-10-29,3,899.75
997,2019-10-29,2023-01-14,3,124.73
998,2021-10-10,2023-06-05,0,158.67
999,2021-11-25,2023-07-20,2,764.97
1000,2020-03-03,2022-12-31,5,318.05
1001,2019-05-15,2022-09-29,2,328.25
1002,2022-08-01,2024-07-07,5,488.74
1003,2020-07-30,2023-06-18,4,657.86
1004,2019-11-12,2020-04-09,2,1228.25
1005,2020-01-03,2020-04-03,5,390.33
1006,2022-08-07,2024-07-19,1,323.99
1007,2019-08-27,2020-08-24,2,442.76
1008,2020-11-27,2021-09-19,2,220.68
1009,2019-01-29,2021-09-06,4,1019.83
1010,2019-07-24,2020-11-19,7,222.9
1011,2019-08-20,2021-03-22,3,560.76
1012,2021-06-26,2023-04-10,0,248.56
1013,2021-05-04,2024-03-06,4,827.02
1014,2020-09-13,2022-07-31,1,112.8
1015,2020-08-14,2022-10-06,4,331.84
1016,2019-12-02,2020-11-24,1,223.96
1017,2020-01-25,2021-08-01,1,166.46
1018,2019-02-21,2021-03-28,4,216.09
1019,2020-06-20,2023-01-08,4,70.15
1020,2019-06-17,2021-03-31,4,1792.31
1021,2021-07-20,2024-06-18,4,421.64
1022,2021-08-13,2021-11-07,1,365.6
1023,2019-12-17,2022-04-05,2,379.5
1024,2020-05-29,2023-06-01,4,123.06
1025,2020-10-14,2023-08-22,5,131.52
1026,2022-03-08,2022-07-25,2,308.55
1027,2020-03-07,2020-07-15,3,258.48
1028,2021-09-01,2024-03-14,3,492.93
1029,2021-04-07,2024-07-29,3,705.4
1030,2019-01-02,2022-10-23,3,93.97
1031,2021-08-23,2024-12-02,3,315.26
1032,2020-06-30,2020-12-25,1,667.42
1033,2021-03-29,2023-08-12,0,283.43
1034,2019-04-18,2021-07-06,6,525.62
1035,2020-09-16,2021-10-26,4,702.8
1036,2019-02-25,2022-09-05,2,270.0
1037,2019-02-09,2020-01-22,0,161.54
1038,2020-05-19,2022-09-26,0,218.19
1039,2021-08-30,2024-07-27,1,277.23
1040,2020-11-29,2021-07-17,3,331.67
1041,2019-01-12,2020-05-12,2,111.01
1042,2019-08-23,2022-04-25,4,2086.2
1043,2022-08-13,2026-04-21,1,511.32
1044,2021-07-04,2021-08-29,5,1929.5
1045,2020-02-28,2023-09-06,3,287.46
1046,2019-10-02,2019-11-24,1,383.47
1047,2022-04-11,2023-06-05,0,476.38
1048,2020-08-25,2020-10-22,1,330.83
1049,2021-11-18,2023-01-21,4,264.93
1050,2020-06-14,2021-09-03,2,67.88
1051,2022-04-22,2024-09-04,2,469.7
1052,2020-10-03,2023-10-25,7,410.32
1053,2020-02-28,2023-07-18,2,369.04
1054,2020-03-24,2022-01-05,2,549.28
1055,2022-01-06,2024-04-23,2,160.52
1056,2020-06-03,2020-12-31,1,711.0
1057,2021-11-16,2024-02-06,1,744.25
1058,2021-07-14,2021-11-23,4,57.42
1059,2020-10-26,2024-01-28,3,583.61
1060,2020-07-14,2023-02-08,3,681.71
1061,2021-05-17,2024-10-23,3,1094.5
1062,2020-09-05,2020-09-29,6,868.96
1063,2022-08-03,2025-04-12,3,1178.01
1064,2022-06-04,2024-05-15,6,759.95
1065,2019-11-12,2022-06-03,2,294.85
1066,2022-05-21,2022-07-07,4,243.99
1067,2019-03-14,2019-05-04,2,423.41
1068,2021-11-18,2022-01-16,4,380.65
1069,2022-05-08,2023-08-23,5,500.12
1070,2022-02-23,2024-04-23,6,113.19
1071,2022-02-01,2024-04-30,2,932.11
1072,2020-10-04,2022-10-24,1,1735.46
1073,2022-01-23,2022-07-24,1,227.51
1074,2019-06-08,2022-11-21,2,250.51
1075,2020-11-22,2021-01-24,6,2279.02
1076,2019-05-16,2020-03-31,1,466.59
1077,2019-08-23,2021-05-12,3,150.36
1078,2021-02-01,2023-08-17,2,527.38
1079,2019-10-09,2021-06-11,2,564.58
1080,2020-02-03,2022-08-21,1,318.49
1081,2020-04-05,2022-04-05,1,178.55
1082,2019-07-03,2021-01-24,2,516.19
1083,2020-08-20,2022-03-08,2,265.73
1084,2019-05-02,2021-06-06,1,295.34
1085,2019-11-14,2020-12-28,3,71.39
1086,2019-05-21,2019-06-10,4,333.54
1087,2020-07-11,2023-02-09,4,498.61
1088,2022-04-20,2023-10-18,3,526.31
1089,2021-02-15,2022-05-14,4,56.69
1090,2019-12-10,2023-03-01,3,201.72
1091,2022-07-06,2025-04-15,4,603.76
1092,2021-07-07,2021-07-11,2,732.81
1093,2019-01-12,2020-11-14,0,159.59
1094,2020-07-06,2023-01-12,2,249.53
1095,2020-03-03,2021-11-25,6,770.36
1096,2020-06-06,2023-01-09,7,268.11
1097,2020-10-20,2022-09-03,2,206.51
1098,2020-03-18,2022-05-14,1,199.88
1099,2019-03-14,2021-03-28,4,468.25
1100,2022-04-03,2023-02-08,3,109.74
1101,2022-03-07,2025-11-11,3,888.59
1102,2021-11-22,2023-08-14,5,952.87
1103,2019-05-28,2020-10-28,4,790.18
1104,2019-11-27,2022-03-26,4,692.5
1105,2019-12-15,2020-02-16,5,344.85
1106,2020-09-28,2022-07-08,4,43.01
1107,2020-09-27,2022-05-03,4,725.84
1108,2022-07-16,2026-05-08,5,534.22
1109,2022-02-21,2022-03-07,3,239.91
1110,2021-01-17,2024-09-25,3,701.51
1111,2021-04-10,2024-12-12,1,399.08
1112,2020-10-15,2021-01-13,4,389.21
1113,2019-02-23,2021-09-13,2,97.17
1114,2020-03-01,2023-10-18,4,390.89
1115,2021-07-22,2025-02-03,3,205.74
1116,2019-03-24,2022-04-19,4,732.19
1117,2020-09-09,2024-07-01,2,563.16
1118,2020-01-08,2023-08-25,1,1223.06
1119,2021-04-19,2023-07-01,1,379.14
1120,2021-04-29,2021-05-08,1,91.55
1121,2022-06-03,2023-03-08,3,207.14
1122,2019-10-19,2022-10-14,3,95.36
1123,2021-10-29,2022-03-10,2,266.16
1124,2020-12-20,2022-05-19,2,311.75
1125,2021-02-11,2022-03-31,4,558.3
1126,2020-10-16,2023-11-18,2,148.23
1127,2021-07-08,2022-02-17,6,308.62
1128,2020-05-25,2023-11-09,2,420.67
1129,2021-12-23,2024-06-18,2,948.19
1130,2020-05-09,2023-06-24,3,63.19
1131,2021-09-30,2022-11-19,5,655.92
1132,2021-12-07,2023-01-27,4,897.81
1133,2021-07-27,2023-10-30,3,1219.3
1134,2022-04-05,2024-01-02,2,66.36
1135,2019-12-08,2020-03-28,2,869.22
1136,2020-12-20,2023-10-23,4,973.7
1137,2022-06-02,2025-11-05,1,247.87
1138,2020-03-19,2021-04-25,4,343.49
1139,2019-09-20,2020-01-04,3,398.04
1140,2019-05-26,2022-11-08,5,665.31
1141,2019-05-08,2022-02-27,3,229.64
1142,2021-02-12,2023-09-20,1,350.26
1143,2020-09-16,2022-06-24,2,246.65
1144,2019-09-25,2020-08-16,5,92.9
1145,2022-05-18,2024-06-12,4,609.3
1146,2021-08-31,2022-11-11,3,999.24
1147,2022-05-30,2025-04-25,2,265.76
1148,2019-10-29,2021-05-25,4,969.35
1149,2022-07-06,2024-10-14,4,494.29
1150,2021-12-12,2025-10-11,2,481.74
1151,2021-12-21,2021-12-26,2,347.69
1152,2021-06-27,2023-03-28,3,263.28
1153,2020-04-29,2021-03-02,3,492.03
1154,2020-02-25,2023-04-15,5,221.59
1155,2020-12-17,2021-06-06,4,321.79
1156,2022-01-18,2024-08-07,2,808.64
1157,2020-08-04,2024-04-08,3,667.43
1158,2021-02-18,2024-08-11,4,2142.45
1159,2019-12-11,2022-07-11,5,1377.71
1160,2020-03-09,2023-07-08,0,233.33
1161,2020-07-12,2021-09-16,3,244.01
1162,2020-06-11,2020-11-22,6,429.47
1163,2020-01-01,2023-06-28,3,43.13
1164,2019-07-14,2023-04-15,6,1279.81
1165,2021-10-10,2021-11-27,2,798.07
1166,2021-09-10,2025-05-06,3,903.69
1167,2019-08-22,2022-07-19,2,465.51
1168,2020-08-21,2021-01-31,2,942.89
1169,2019-03-05,2022-07-04,4,415.92
1170,2020-04-22,2023-04-18,2,321.64
1171,2021-08-02,2023-11-12,1,1530.83
1172,2021-08-06,2024-05-10,4,160.27
1173,2020-11-24,2021-08-24,2,93.48
1174,2022-02-28,2024-01-09,5,567.58
1175,2019-08-27,2022-01-08,2,296.25
1176,2019-05-20,2022-07-09,1,1543.72
1177,2020-07-03,2022-07-12,3,154.21
1178,2019-04-01,2020-08-15,4,376.28
1179,2022-03-15,2025-06-17,6,403.09
1180,2020-11-05,2022-07-13,3,171.77
1181,2019-12-06,2021-10-24,3,303.86
1182,2022-05-06,2025-03-22,1,569.23
1183,2020-03-30,2020-08-20,3,215.14
1184,2021-04-23,2022-08-18,2,69.04
1185,2022-07-20,2025-09-08,2,785.05
1186,2019-03-11,2019-07-04,3,537.37
1187,2021-07-21,2021-08-11,4,546.3
1188,2021-09-11,2022-08-12,3,280.91
1189,2021-10-29,2022-09-26,3,1098.91
1190,2020-12-08,2023-11-15,3,139.53
1191,2021-10-23,2022-08-02,4,912.09
1192,2019-09-26,2023-03-08,3,544.01
1193,2021-10-26,2021-12-28,2,1373.75
1194,2020-01-20,2023-05-15,0,91.49
1195,2022-06-11,2025-10-10,3,510.04
1196,2021-06-19,2024-05-03,3,282.22
1197,2021-09-08,2024-12-14,5,317.68
1198,2019-04-06,2020-01-07,3,375.96
1199,2020-09-15,2023-06-28,3,571.81
1200,2019-05-05,2019-11-17,1,94.63
1201,2020-07-06,2020-07-29,2,661.37
1202,2021-08-03,2025-02-01,1,691.34
1203,2020-01-04,2021-08-02,7,1435.97
1204,2019-01-07,2021-03-07,5,43.21
1205,2019-10-04,2021-05-17,5,967.16
1206,2022-05-17,2022-05-24,2,453.08
1207,2019-07-12,2021-01-18,2,322.2
1208,2019-06-09,2020-09-23,2,26.47
1209,2020-05-02,2021-05-02,8,116.06
1210,2021-09-06,2024-07-07,1,516.3
1211,2019-09-04,2022-09-03,0,268.67
1212,2019-01-06,2021-06-29,5,352.55
1213,2020-07-06,2020-09-06,5,1497.2
1214,2019-02-02,2022-05-03,1,419.2
1215,2021-08-27,2023-02-27,3,813.1
1216,2022-07-27,2026-02-16,4,415.22
1217,2021-09-29,2024-03-30,3,300.49
1218,2021-01-24,2022-03-01,4,140.73
1219,2019-04-16,2021-02-09,4,734.51
1220,2021-08-03,2023-10-04,4,131.22
1221,2020-09-29,2024-02-14,2,51.87
1222,2021-12-26,2023-04-03,0,134.14
1223,2019-01-04,2019-09-05,3,797.03
1224,2019-02-23,2020-04-26,3,446.78
1225,2022-03-03,2025-08-25,3,326.57
1226,2021-09-06,2024-04-16,2,634.06
1227,2019-02-14,2021-04-09,4,669.93
1228,2022-06-02,2022-07-19,3,700.98
1229,2021-05-01,2021-05-14,2,338.71
1230,2019-06-20,2020-07-14,4,721.09
1231,2020-03-25,2022-01-31,2,148.07
1232,2020-01-02,2023-02-11,2,719.7
1233,2021-06-21,2024-06-12,1,14.55
1234,2019-11-07,2023-06-07,2,228.93
1235,2020-11-07,2023-11-22,4,656.67
1236,2019-07-23,2020-11-28,4,388.13
1237,2022-07-19,2024-08-02,2,228.36
1238,2019-09-08,2020-05-13,6,933.87
1239,2021-12-30,2025-06-01,2,368.1
1240,2019-09-12,2022-12-31,3,704.8
1241,2019-05-09,2019-07-28,3,563.66
1242,2020-05-28,2021-06-17,5,904.97
1243,2019-12-17,2023-01-06,3,268.5
1244,2019-03-25,2020-07-02,3,355.46
1245,2022-02-20,2023-06-21,3,225.11
1246,2021-04-12,2021-07-26,1,96.56
1247,2022-08-23,2022-09-27,1,57.9
1248,2022-03-30,2024-02-23,1,650.0
1249,2020-05-29,2020-10-24,4,1143.8
1250,2020-04-11,2021-11-06,1,166.27
1251,2020-01-13,2021-02-01,2,126.35
1252,2019-04-14,2019-11-01,2,620.26
1253,2022-03-02,2023-12-16,8,1096.34
1254,2021-07-31,2022-10-19,4,5.61
1255,2020-07-08,2024-01-20,3,188.12
1256,2021-03-25,2021-12-08,1,454.69
1257,2022-06-06,2023-02-14,0,175.02
1258,2020-06-01,2023-12-11,2,507.23
1259,2022-04-26,2023-06-29,8,740.3
1260,2020-06-01,2022-05-15,1,182.79
1261,2019-04-11,2022-02-28,4,593.15
1262,2019-08-08,2022-11-08,1,265.29
1263,2019-05-18,2021-07-04,1,809.28
1264,2020-10-29,2021-08-07,3,720.14
1265,2019-09-19,2022-04-17,2,196.87
1266,2020-08-07,2020-10-15,2,47.81
1267,2019-10-07,2023-03-18,3,724.56
1268,2022-01-10,2025-01-31,4,103.95
1269,2019-11-20,2020-09-13,3,144.04
1270,2020-03-04,2022-05-25,5,261.53
1271,2020-05-20,2022-08-15,1,156.29
1272,2020-04-15,2023-10-22,4,341.58
1273,2022-07-30,2022-12-17,3,87.22
1274,2021-02-19,2024-07-26,2,424.36
1275,2021-08-28,2023-10-16,0,570.44
1276,2020-08-09,2024-02-16,4,208.21
1277,2019-05-27,2021-03-10,3,223.79
1278,2019-06-10,2022-07-06,3,1129.46
1279,2020-12-18,2021-10-16,6,28.87
1280,2022-07-16,2026-01-22,1,358.03
1281,2022-07-10,2024-01-11,2,638.21
1282,2022-03-29,2022-10-27,2,630.81
1283,2020-07-10,2021-08-16,3,272.47
1284,2019-11-08,2023-06-06,0,396.16
1285,2019-08-17,2022-08-05,3,206.38
1286,2022-08-18,2024-11-14,3,357.91
1287,2022-01-28,2024-11-12,4,914.24
1288,2020-02-22,2021-05-06,1,183.52
1289,2022-06-05,2024-11-30,4,1012.7
1290,2022-04-29,2023-04-20,3,461.18
1291,2019-03-11,2019-06-26,5,11.89
1292,2021-02-01,2021-06-20,4,497.74
1293,2021-01-28,2021-09-27,3,1112.2
1294,2019-11-06,2023-08-01,3,2441.42
1295,2021-04-12,2022-12-08,6,949.15
1296,2019-10-28,2020-10-03,1,69.99
1297,2021-11-19,2024-08-03,2,174.08
1298,2022-01-07,2022-08-18,6,566.25
1299,2021-04-20,2024-07-29,4,185.71
1300,2022-06-24,2024-06-08,0,199.2
1301,2019-11-13,2021-12-10,4,427.92
1302,2019-08-09,2022-11-27,2,233.51
1303,2019-05-10,2022-02-25,4,1019.28
1304,2022-03-27,2024-11-12,3,649.72
1305,2022-04-12,2024-08-30,2,507.8
1306,2021-01-28,2022-12-19,4,1397.6
1307,2019-03-09,2022-04-03,2,306.52
1308,2019-05-27,2022-09-25,2,405.49
1309,2020-04-12,2021-10-20,1,97.07
1310,2019-01-05,2020-01-23,4,512.2
1311,2020-08-07,2024-05-19,1,142.72
1312,2019-07-31,2020-09-26,1,486.57
1313,2020-03-22,2021-04-15,3,491.79
1314,2020-01-04,2022-08-07,6,1545.34
1315,2019-02-28,2021-09-27,4,538.05
1316,2019-11-12,2023-01-23,5,765.27
1317,2019-05-03,2021-11-06,4,161.47
1318,2020-08-14,2022-02-16,3,388.33
1319,2020-01-14,2021-03-09,3,288.95
1320,2022-01-31,2025-02-12,0,117.79
1321,2020-11-03,2022-10-01,2,386.93
1322,2021-07-05,2024-01-07,2,302.66
1323,2020-05-20,2022-11-28,4,809.12
1324,2022-08-28,2025-02-19,7,504.93
1325,2020-10-24,2023-09-10,5,451.84
1326,2020-02-08,2022-06-08,2,278.87
1327,2021-09-09,2022-03-02,2,245.85
1328,2020-07-14,2023-12-26,3,385.11
1329,2020-11-17,2022-05-29,6,619.18
1330,2021-12-29,2025-02-04,4,607.68
1331,2019-09-12,2021-01-09,3,315.56
1332,2019-10-28,2023-02-21,4,297.86
1333,2022-05-12,2025-11-29,0,363.69
1334,2022-04-01,2023-11-26,5,228.61
1335,2021-06-06,2022-02-05,2,137.07
1336,2019-06-04,2020-10-28,2,295.62
1337,2019-10-30,2019-12-03,4,830.89
1338,2019-09-02,2020-05-19,3,129.31
1339,2019-10-15,2023-04-22,2,359.6
1340,2021-11-18,2024-11-05,6,539.83
1341,2019-07-18,2019-10-25,3,184.84
1342,2019-02-22,2022-08-04,3,854.54
1343,2022-01-21,2023-11-23,1,431.02
1344,2020-03-15,2023-09-14,2,1259.69
1345,2022-05-25,2024-06-11,5,1210.16
1346,2019-10-26,2021-06-23,4,363.38
1347,2022-02-09,2022-03-20,0,58.39
1348,2022-01-19,2025-07-02,2,181.61
1349,2021-09-09,2025-02-19,1,227.35
1350,2022-09-01,2024-11-18,0,432.56
1351,2022-08-02,2022-10-14,3,448.72
1352,2019-02-12,2021-02-15,4,616.21
1353,2022-05-24,2024-11-12,4,413.85
1354,2021-03-26,2023-08-01,2,562.45
1355,2021-09-02,2021-09-30,5,488.5
1356,2022-07-10,2024-11-01,2,234.12
1357,2022-01-15,2024-11-26,5,788.22
1358,2022-02-15,2023-07-15,6,480.81
1359,2019-01-19,2019-09-19,0,144.16
1360,2019-02-21,2020-08-19,3,194.89
1361,2021-01-20,2022-09-28,6,431.82
1362,2020-05-19,2020-06-14,4,358.28
1363,2022-03-03,2025-03-13,1,106.9
1364,2021-06-08,2021-11-13,3,706.08
1365,2022-05-19,2024-03-15,2,305.37
1366,2022-09-01,2025-12-08,4,237.48
1367,2020-04-19,2022-11-30,3,1539.3
1368,2019-12-15,2022-02-26,2,168.06
1369,2019-04-28,2021-01-19,0,371.84
1370,2020-10-13,2021-04-25,5,366.46
1371,2019-06-15,2022-11-20,3,557.23
1372,2019-05-21,2021-02-24,4,542.34
1373,2020-05-22,2023-07-20,2,335.63
1374,2019-01-28,2021-11-11,6,368.87
1375,2021-10-25,2023-03-08,2,985.63
1376,2022-04-12,2023-07-16,4,197.92
1377,2021-03-24,2023-09-16,5,296.08
1378,2019-06-04,2019-06-30,3,398.87
1379,2020-02-14,2020-10-15,1,157.16
1380,2021-01-27,2021-06-05,4,556.3
1381,2021-12-21,2025-08-25,5,1244.54
1382,2019-07-15,2022-12-21,1,75.52
1383,2020-08-06,2023-11-14,1,394.73
1384,2019-03-31,2020-10-17,0,47.01
1385,2020-10-01,2024-03-16,3,118.14
1386,2020-01-31,2023-10-17,1,453.83
1387,2019-06-29,2020-12-01,3,389.58
1388,2020-10-26,2023-08-04,4,516.3
1389,2021-11-28,2022-09-14,2,1429.44
1390,2022-03-16,2023-12-21,4,917.09
1391,2020-08-05,2023-04-22,1,712.63
1392,2019-03-18,2021-04-22,2,562.35
1393,2021-03-02,2021-08-30,4,179.82
1394,2021-03-23,2023-03-26,1,147.13
1395,2021-02-14,2023-11-16,5,213.51
1396,2022-02-27,2024-06-10,5,351.39
1397,2019-11-19,2020-02-08,2,242.23
1398,2020-10-27,2022-07-20,3,221.18
1399,2020-07-03,2024-03-24,3,845.81
1400,2021-12-16,2022-02-13,1,214.73
1401,2022-03-30,2024-05-19,1,36.14
1402,2021-12-31,2024-02-22,1,86.64
1403,2019-11-16,2023-09-10,4,469.92
1404,2022-07-26,2026-02-21,1,687.33
1405,2021-11-01,2022-12-26,3,1083.91
1406,2019-12-25,2022-09-12,6,926.58
1407,2021-02-01,2024-01-21,4,352.37
1408,2021-11-22,2024-01-23,3,205.6
1409,2020-03-07,2023-06-21,1,312.11
1410,2019-10-28,2021-05-19,2,302.04
1411,2019-03-16,2020-10-25,0,135.0
1412,2021-05-24,2022-07-18,2,148.19
1413,2019-08-31,2020-01-10,4,236.29
1414,2022-08-15,2024-11-13,5,239.92
1415,2019-10-08,2023-06-22,1,197.79
1416,2020-06-10,2023-04-09,3,396.64
1417,2020-06-05,2023-12-15,2,440.05
1418,2019-09-29,2023-05-03,2,330.0
1419,2020-01-16,2023-01-13,4,423.82
1420,2022-01-26,2025-01-10,5,462.37
1421,2019-08-01,2021-01-19,5,165.83
1422,2021-12-05,2023-10-14,2,288.39
1423,2020-09-27,2021-03-17,4,427.09
1424,2020-05-18,2021-04-02,3,205.43
1425,2022-06-09,2023-08-14,1,372.52
1426,2019-05-09,2022-09-08,5,469.11
1427,2022-08-28,2025-08-03,1,138.32
1428,2019-02-15,2019-08-07,3,1274.99
1429,2021-08-12,2022-07-29,10,742.83
1430,2020-04-06,2022-12-17,6,392.34
1431,2020-03-20,2021-04-21,2,608.02
1432,2021-09-05,2023-10-09,4,224.68
1433,2021-02-14,2023-02-06,4,371.44
1434,2020-07-06,2021-03-22,4,181.91
1435,2022-03-12,2023-12-23,2,309.68
1436,2020-07-09,2023-03-30,3,332.99
1437,2022-07-02,2023-07-10,4,624.78
1438,2020-10-02,2024-03-18,1,991.54
1439,2019-04-21,2021-01-22,2,577.99
1440,2021-10-19,2024-08-10,2,156.71
1441,2019-08-13,2021-05-10,2,731.46
1442,2022-05-01,2023-02-22,3,1615.08
1443,2022-02-14,2025-08-09,6,1444.74
1444,2020-02-22,2021-05-30,4,903.97
1445,2020-01-23,2022-09-21,4,210.94
1446,2021-04-28,2024-07-11,2,335.5
1447,2020-02-27,2020-07-31,3,266.52
1448,2022-07-02,2026-02-08,4,774.13
1449,2021-08-07,2021-12-01,0,410.29
1450,2022-08-14,2022-12-01,1,902.35
1451,2020-02-14,2022-08-14,1,200.24
1452,2021-03-05,2022-11-07,3,286.55
1453,2021-07-09,2024-08-24,1,445.61
1454,2021-03-07,2023-02-20,2,482.57
1455,2020-01-01,2020-02-23,5,291.82
1456,2020-04-10,2021-10-01,2,284.78
1457,2020-03-19,2020-11-13,4,665.0
1458,2019-12-12,2020-08-23,0,247.1
1459,2020-08-19,2023-11-11,5,590.85
1460,2022-03-05,2022-03-29,3,700.03
1461,2020-01-08,2020-09-17,2,399.49
1462,2019-11-18,2020-02-24,1,401.92
1463,2019-08-14,2021-08-01,2,369.37
1464,2022-02-10,2023-12-30,3,653.35
1465,2019-01-18,2021-08-18,2,666.07
1466,2021-04-28,2022-05-12,3,314.24
1467,2021-02-09,2024-07-13,5,619.8
1468,2021-05-02,2023-11-30,3,396.54
1469,2020-08-17,2022-03-13,1,407.0
1470,2022-08-31,2023-10-21,2,531.87
1471,2019-05-02,2020-09-04,3,187.84
1472,2019-01-11,2019-06-29,5,1496.5
1473,2019-06-30,2021-02-17,6,589.91
1474,2020-02-17,2021-08-08,3,844.11
1475,2020-01-23,2020-09-08,4,196.4
1476,2019-08-08,2019-08-15,3,412.44
1477,2022-03-06,2022-09-11,4,241.85
1478,2019-11-09,2020-11-14,1,296.42
1479,2022-04-04,2024-10-23,4,465.38
1480,2021-08-18,2024-01-17,0,120.76
1481,2020-02-23,2022-12-16,0,183.32
1482,2020-03-06,2023-02-16,4,675.97
1483,2019-02-03,2022-05-17,0,344.63
1484,2019-11-15,2021-02-09,4,179.48
1485,2022-07-12,2022-12-04,1,291.24
1486,2019-10-02,2023-03-27,0,193.76
1487,2022-04-12,2024-11-07,3,257.24
1488,2022-08-28,2024-10-21,5,329.37
1489,2019-09-23,2022-03-14,2,475.45
1490,2020-09-23,2023-08-11,6,257.5
1491,2020-11-13,2024-01-29,1,691.7
1492,2020-07-05,2022-10-04,5,368.78
1493,2019-07-02,2022-10-31,0,435.41
1494,2020-03-17,2022-06-30,1,527.52
1495,2020-05-04,2022-12-03,5,136.22
1496,2021-12-06,2023-11-21,3,610.17
1497,2021-08-30,2024-09-06,3,715.2
1498,2019-10-20,2022-11-05,2,253.75
1499,2019-03-20,2022-06-06,0,152.55
1500,2022-04-23,2024-06-15,2,1408.75
1501,2020-09-02,2022-01-23,3,763.14
1502,2021-06-17,2022-04-29,4,190.55
1503,2020-07-10,2021-01-05,5,439.54
1504,2020-08-21,2022-02-25,6,246.08
1505,2019-11-25,2022-04-21,3,381.66
1506,2020-02-03,2023-05-26,1,381.13
1507,2020-10-19,2024-05-26,1,227.33
1508,2022-08-12,2024-10-10,4,874.9
1509,2019-01-03,2020-12-02,2,336.45
1510,2022-08-30,2023-12-30,2,340.87
1511,2019-08-07,2022-12-06,2,1445.14
1512,2020-11-01,2023-10-03,3,263.01
1513,2019-10-26,2021-01-10,6,1274.26
1514,2020-10-28,2021-05-17,5,1568.45
1515,2019-06-04,2022-06-04,1,209.43
1516,2021-09-15,2022-04-23,6,234.07
1517,2021-10-23,2023-07-16,4,338.78
1518,2021-05-20,2023-08-25,2,534.48
1519,2020-10-14,2021-11-05,3,856.89
1520,2021-05-14,2024-01-29,3,391.94
1521,2021-12-19,2024-09-01,3,954.1
1522,2020-08-18,2023-06-11,3,122.86
1523,2022-05-06,2023-05-28,1,376.21
1524,2019-12-29,2020-06-06,3,495.33
1525,2021-04-28,2023-02-10,2,79.42
1526,2021-06-09,2022-10-17,4,492.18
1527,2022-03-30,2024-09-19,4,1118.89
1528,2020-06-01,2023-06-17,2,359.65
1529,2021-06-04,2023-09-13,1,326.25
1530,2020-03-23,2020-09-28,6,723.13
1531,2020-05-03,2020-07-30,4,612.51
1532,2021-10-02,2024-12-03,5,166.91
1533,2021-10-15,2023-02-20,2,265.82
1534,2020-03-30,2020-12-15,1,561.21
1535,2021-08-04,2023-12-29,3,647.99
1536,2019-11-19,2022-09-20,2,340.64
1537,2021-05-18,2022-01-22,5,845.25
1538,2021-09-24,2023-05-12,3,749.8
1539,2021-03-02,2021-05-31,4,286.48
1540,2022-05-13,2025-11-19,4,1760.15
1541,2019-11-17,2021-09-20,0,147.07
1542,2022-04-19,2023-05-17,1,148.02
1543,2022-02-25,2023-04-22,2,608.54
1544,2021-07-25,2022-01-26,3,487.51
1545,2019-04-10,2022-08-28,3,204.03
1546,2021-03-10,2023-11-10,1,613.53
1547,2019-11-23,2023-09-17,3,193.8
1548,2019-08-30,2020-11-19,3,296.42
1549,2019-02-14,2020-12-04,0,399.57
1550,2021-11-21,2021-12-30,3,609.28
1551,2020-06-23,2020-11-21,4,344.7
1552,2021-01-19,2021-11-28,5,1267.58
1553,2021-02-20,2022-11-11,4,49.93
1554,2020-10-14,2021-04-09,2,245.84
1555,2022-04-06,2025-06-10,5,692.07
1556,2019-04-23,2022-05-04,4,298.05
1557,2020-09-16,2022-11-06,1,196.57
1558,2020-04-19,2020-05-07,2,163.28
1559,2022-08-02,2025-06-20,3,96.86
1560,2021-10-21,2025-06-18,2,849.22
1561,2020-02-22,2020-11-19,2,333.48
1562,2019-07-06,2019-07-27,4,1038.86
1563,2020-03-24,2023-11-17,1,437.24
1564,2020-11-12,2023-11-24,3,470.49
1565,2021-09-04,2023-12-20,1,1798.14
1566,2021-01-23,2022-10-05,3,422.66
1567,2022-07-22,2025-02-14,3,346.29
1568,2021-06-27,2022-10-28,3,298.23
1569,2019-01-23,2020-02-29,6,875.92
1570,2021-12-25,2023-05-25,2,290.99
1571,2022-01-14,2023-08-19,5,1560.9
1572,2021-07-20,2025-02-08,2,437.08
1573,2020-12-12,2022-01-14,2,684.03
1574,2022-01-15,2025-03-12,3,166.36
1575,2019-11-24,2021-08-14,6,183.17
1576,2021-05-06,2024-02-28,8,692.83
1577,2021-08-17,2022-10-28,3,221.18
1578,2022-03-08,2023-01-18,2,613.4
1579,2019-08-23,2019-12-25,7,565.66
1580,2021-02-12,2023-07-25,3,196.26
1581,2021-05-23,2021-08-06,5,268.78
1582,2021-09-28,2025-04-26,3,504.1
1583,2021-10-06,2024-05-28,3,1133.07
1584,2019-08-16,2021-10-16,1,520.51
1585,2019-03-23,2020-03-03,5,1035.75
1586,2020-11-03,2023-06-01,3,159.53
1587,2019-07-08,2019-11-14,2,325.44
1588,2019-01-18,2020-11-09,4,75.58
1589,2021-10-27,2025-08-02,1,345.14
1590,2022-08-01,2025-10-12,4,884.78
1591,2022-05-05,2024-04-04,1,281.63
1592,2020-02-04,2022-11-15,1,539.84
1593,2021-01-04,2022-05-03,2,98.29
1594,2021-08-22,2023-03-22,2,988.27
1595,2019-03-15,2022-09-03,5,736.63
1596,2020-02-17,2023-08-07,1,117.08
1597,2020-02-17,2023-04-04,4,584.18
1598,2021-11-05,2023-09-01,4,391.04
1599,2019-09-17,2021-03-21,6,332.8
1600,2021-12-24,2025-04-01,4,87.42
1601,2021-12-31,2022-10-26,6,398.24
1602,2021-09-14,2025-01-09,2,254.39
1603,2020-10-02,2021-07-20,2,278.48
1604,2020-05-20,2022-12-27,2,424.28
1605,2022-02-28,2024-09-19,2,816.15
1606,2021-01-23,2023-10-04,3,868.89
1607,2019-03-07,2021-08-31,2,215.96
1608,2021-04-04,2023-12-25,6,229.23
1609,2021-05-27,2023-07-15,2,304.43
1610,2022-07-21,2024-01-04,3,154.53
1611,2022-02-03,2022-04-30,2,144.88
1612,2021-11-28,2024-01-17,3,702.88
1613,2020-05-02,2021-11-10,6,1090.4
1614,2020-09-27,2022-06-12,3,217.14
1615,2022-02-18,2025-06-10,4,349.78
1616,2020-08-18,2023-12-14,2,365.96
1617,2019-07-28,2022-09-22,3,589.45
1618,2021-02-13,2022-04-29,2,173.27
1619,2021-08-08,2024-09-14,2,245.04
1620,2019-04-22,2019-08-31,1,180.59
1621,2020-08-02,2023-12-07,4,597.4
1622,2021-06-10,2024-06-12,4,493.23
1623,2021-01-03,2024-05-14,2,120.08
1624,2019-01-01,2021-07-24,1,599.0
1625,2021-01-28,2021-03-21,3,952.29
1626,2022-08-07,2022-09-14,2,118.53
1627,2022-01-04,2025-08-10,3,532.47
1628,2020-02-05,2021-01-07,4,123.68
1629,2020-10-29,2021-11-26,2,885.65
1630,2021-01-19,2023-11-04,4,887.61
1631,2021-08-08,2021-09-27,6,504.06
1632,2021-03-13,2023-08-15,4,322.67
1633,2021-06-14,2024-10-11,3,339.9
1634,2020-06-14,2022-06-02,5,175.45
1635,2022-01-21,2022-12-01,1,451.74
1636,2020-05-13,2023-06-23,1,559.47
1637,2020-08-14,2020-12-06,4,445.3
1638,2021-02-10,2023-06-04,4,896.92
1639,2020-09-16,2023-07-23,3,890.71
1640,2019-04-25,2022-02-08,4,544.96
1641,2020-07-27,2022-11-06,2,101.25
1642,2021-04-30,2024-09-10,3,257.41
1643,2022-08-23,2023-05-06,4,347.25
1644,2022-02-13,2025-02-28,4,953.74
1645,2022-02-05,2025-12-03,3,339.39
1646,2022-05-26,2026-01-21,3,611.18
1647,2020-12-16,2022-05-22,3,321.59
1648,2019-02-06,2020-09-06,2,479.16
1649,2019-02-05,2022-06-17,1,282.07
1650,2019-11-21,2022-02-20,5,865.36
